Question,Answer,Intent
What this demo about?,This is a Chatbot based Self-Heal Solution for the Oracle EBS Platform,1
What this demo about?,"Current Demo is for Oracle EBS. However Self-Heal Solution is available for all EA Platforms like SAP, Salesforce etc.",0
what all EA platforms this solution supports,This is a Chatbot based Self-Heal Solution for the Oracle EBS Platform,0
how this will be deployed,"Pls reach out to ""Radheshyam Patil"" for such details / artifacts",0
how this will be deployed,This is a Python based solution and uses relevant Open Source libraries,0
how this will be deployed,This solution eliminates 100% manual efforts for covered use cases. Hence total benefits = Summation of (Current manual Efforts spent on each use case),0
Can I get more info about this tool,"Solution can be deployed  On-Campus as well as On-Cloud based on clients requirement. For required pre-requisites pls reach out to ""Nitesh Awasthi""",0
Can I get more info about this tool,This is a Python based solution and uses relevant Open Source libraries,0
Which all platforms this solution supports,This is a Chatbot based Self-Heal Solution for the Oracle EBS Platform,0
Does this access backend application,This is a Chatbot based Self-Heal Solution for the Oracle EBS Platform,0
Which all platforms this solution supports,"Current Demo is for Oracle EBS. However Self-Heal Solution is available for all EA Platforms like SAP, Salesforce etc.",1
what all EA platforms this solution supports,"Current Demo is for Oracle EBS. However Self-Heal Solution is available for all EA Platforms like SAP, Salesforce etc.",1
Does this access backend application,Yes. Self-Heal is End-to-End Automation Solution. Hence internally it connects with EA platform to perform the task.,1
where this will be deployed,"Solution can be deployed  On-Campus as well as On-Cloud based on clients requirement. For required pre-requisites pls reach out to ""Nitesh Awasthi""",1
what if I can not text,Current Video / Demo shows only few use cases as an example. However similar (Repetitive & Mundane) tasks can be automated using this solution,0
how this will be deployed,This is Cognizant's in-house Solution developed by EAS IA Team,0
What this video about?,This is a Chatbot based Self-Heal Solution for the Oracle EBS Platform,1
What this about?,This is a Chatbot based Self-Heal Solution for the Oracle EBS Platform,1
How client can get this solution,"Solution can be deployed  On-Campus as well as On-Cloud based on clients requirement. For required pre-requisites pls reach out to ""Nitesh Awasthi""",1
How customer can get this solution,"Solution can be deployed  On-Campus as well as On-Cloud based on clients requirement. For required pre-requisites pls reach out to ""Nitesh Awasthi""",1
Does this connect to Enterprise application,Yes. Self-Heal is End-to-End Automation Solution. Hence internally it connects with EA platform to perform the task.,1
Which all system this solution connects to,This Solution is mainly connected to Backend EA Platform + ITSM / Ticketing Tool,1
What this demo about?,Chatbot Conversation is AES-256 encrypted. Feel secured to chat and get your task done,0
what all EA platforms this solution supports,This is a Natural Language Processing (NLP) based solution and hence takes care of various possible utterances from its user,0
what all EA platforms this solution supports,This is Cognizant's in-house Solution developed by EAS IA Team,0
what all EA platforms this solution supports,This is a licensed tool. Price Point depends on parameters like No. of Use Cases etc. Please reach out to Kunal Parikh for further guidance,0
how can we configure this for client,Current Video / Demo shows only few use cases as an example. However similar (Repetitive & Mundane) tasks can be automated using this solution,0
how can we configure this for client,This is a Natural Language Processing (NLP) based solution and hence takes care of various possible utterances from its user,0
how can we configure this for client,This is Cognizant's in-house Solution developed by EAS IA Team,0
Is Remedy supported,"Self-Heal Solution can connect to most of the industry standard ITSM (Ticketing) tools like SNow, Remedy, JIRA, HPSM etc.",1
Does this integrate with JIRA,"Self-Heal Solution can connect to most of the industry standard ITSM (Ticketing) tools like SNow, Remedy, JIRA, HPSM etc.",1
Does this support JIRA,"Self-Heal Solution can connect to most of the industry standard ITSM (Ticketing) tools like SNow, Remedy, JIRA, HPSM etc.",1
which technology being used here,This is a Python based solution and uses relevant Open Source libraries,1
what programming language is used,This is a Python based solution and uses relevant Open Source libraries,1
Technology stack,This is a Python based solution and uses relevant Open Source libraries,1
Is this conversation secured?,This is a Chatbot based Self-Heal Solution for the Oracle EBS Platform,0
what if I can not text,This is a Chatbot based Self-Heal Solution for the Oracle EBS Platform,0
Can I get price point for this tool,This solution eliminates 100% manual efforts for covered use cases. Hence total benefits = Summation of (Current manual Efforts spent on each use case),0
Is this conversation secured?,"Pls reach out to ""Radheshyam Patil"" for such details / artifacts",0
which technology being used here,This solution eliminates 100% manual efforts for covered use cases. Hence total benefits = Summation of (Current manual Efforts spent on each use case),0
How much time it takes for implementation,"Solution can be deployed  On-Campus as well as On-Cloud based on clients requirement. For required pre-requisites pls reach out to ""Nitesh Awasthi""",0
Which all platforms this solution supports,Yes. Self-Heal is End-to-End Automation Solution. Hence internally it connects with EA platform to perform the task.,0
Is this conversation secured?,This is a Python based solution and uses relevant Open Source libraries,0
Is this conversation secured?,This solution eliminates 100% manual efforts for covered use cases. Hence total benefits = Summation of (Current manual Efforts spent on each use case),0
Business benefit,This solution eliminates 100% manual efforts for covered use cases. Hence total benefits = Summation of (Current manual Efforts spent on each use case),1
How can we get the business case ,This solution eliminates 100% manual efforts for covered use cases. Hence total benefits = Summation of (Current manual Efforts spent on each use case),1
how this will benefit,This solution eliminates 100% manual efforts for covered use cases. Hence total benefits = Summation of (Current manual Efforts spent on each use case),1
Can I get more info about this tool,Yes. Self-Heal is End-to-End Automation Solution. Hence internally it connects with EA platform to perform the task.,0
Can I get more info about this tool,This Solution is mainly connected to Backend EA Platform + ITSM / Ticketing Tool,0
Can I get more info about this tool,"Self-Heal Solution can connect to most of the industry standard ITSM (Ticketing) tools like SNow, Remedy, JIRA, HPSM etc.",0
which technology being used here,Yes. Self-Heal is End-to-End Automation Solution. Hence internally it connects with EA platform to perform the task.,0
which technology being used here,This Solution is mainly connected to Backend EA Platform + ITSM / Ticketing Tool,0
which technology being used here,"Self-Heal Solution can connect to most of the industry standard ITSM (Ticketing) tools like SNow, Remedy, JIRA, HPSM etc.",0
How much time it takes for implementation,Yes. Self-Heal is End-to-End Automation Solution. Hence internally it connects with EA platform to perform the task.,0
How much time it takes for implementation,This Solution is mainly connected to Backend EA Platform + ITSM / Ticketing Tool,0
Is JIRA supported,"Self-Heal Solution can connect to most of the industry standard ITSM (Ticketing) tools like SNow, Remedy, JIRA, HPSM etc.",1
Are these only cases that can be automated using Self-Heal solution,Current Video / Demo shows only few use cases as an example. However similar (Repetitive & Mundane) tasks can be automated using this solution,1
Are these only cases that can be automated using this solution,Current Video / Demo shows only few use cases as an example. However similar (Repetitive & Mundane) tasks can be automated using this solution,1
How do you install this,"Solution can be deployed  On-Campus as well as On-Cloud based on clients requirement. For required pre-requisites pls reach out to ""Nitesh Awasthi""",1
What this demo about?,"Pls reach out to ""Radheshyam Patil"" for such details / artifacts",0
what all EA platforms this solution supports,Chatbot Conversation is AES-256 encrypted. Feel secured to chat and get your task done,0
what all EA platforms this solution supports,"Chatbot supports both ""Text"" and ""Voice"". Feel free to use the channel as per your convenience",0
Which all platforms this solution supports,"Solution can be deployed  On-Campus as well as On-Cloud based on clients requirement. For required pre-requisites pls reach out to ""Nitesh Awasthi""",0
Which all platforms this solution supports,"Pls reach out to ""Radheshyam Patil"" for such details / artifacts",0
how we can install this,"Solution can be deployed  On-Campus as well as On-Cloud based on clients requirement. For required pre-requisites pls reach out to ""Nitesh Awasthi""",1
Are these only cases that can be automated using chatbot solution,Current Video / Demo shows only few use cases as an example. However similar (Repetitive & Mundane) tasks can be automated using this solution,1
"Does this expect 'Structured Statement"" only to act",This is a Natural Language Processing (NLP) based solution and hence takes care of various possible utterances from its user,1
Are the commands given to bot are hard coded,This is a Natural Language Processing (NLP) based solution and hence takes care of various possible utterances from its user,1
which technology being used here,This is a Chatbot based Self-Heal Solution for the Oracle EBS Platform,0
How much time it takes for implementation,This is a Chatbot based Self-Heal Solution for the Oracle EBS Platform,0
Does this integrate with JIRA,This is a Python based solution and uses relevant Open Source libraries,0
Does this integrate with JIRA,This solution eliminates 100% manual efforts for covered use cases. Hence total benefits = Summation of (Current manual Efforts spent on each use case),0
Can we say same request in other words,"Pls reach out to ""Radheshyam Patil"" for such details / artifacts",0
Can we say same request in other words,This is a Python based solution and uses relevant Open Source libraries,0
Can we say same request in other words,This solution eliminates 100% manual efforts for covered use cases. Hence total benefits = Summation of (Current manual Efforts spent on each use case),0
Is this Third party Solution,"Pls reach out to ""Radheshyam Patil"" for such details / artifacts",0
Is this Third party Solution,This is a Python based solution and uses relevant Open Source libraries,0
Is this Third party Solution,This solution eliminates 100% manual efforts for covered use cases. Hence total benefits = Summation of (Current manual Efforts spent on each use case),0
Is this Third party Solution,This is Cognizant's in-house Solution developed by EAS IA Team,1
What does this costs?,This is a licensed tool. Price Point depends on parameters like No. of Use Cases etc. Please reach out to Kunal Parikh for further guidance,1
How much is the cost?,This is a licensed tool. Price Point depends on parameters like No. of Use Cases etc. Please reach out to Kunal Parikh for further guidance,1
Can I get slider for this,"Pls reach out to ""Radheshyam Patil"" for such details / artifacts",1
Where can I get more data regarding this solution,"Pls reach out to ""Radheshyam Patil"" for such details / artifacts",1
Where can I get more details regarding this solution,"Pls reach out to ""Radheshyam Patil"" for such details / artifacts",1
What is the cost?,This is a licensed tool. Price Point depends on parameters like No. of Use Cases etc. Please reach out to Kunal Parikh for further guidance,1
Which all system this solution connects to,"Current Demo is for Oracle EBS. However Self-Heal Solution is available for all EA Platforms like SAP, Salesforce etc.",0
Does this integrate with JIRA,"Current Demo is for Oracle EBS. However Self-Heal Solution is available for all EA Platforms like SAP, Salesforce etc.",0
Can we say same request in other words,"Current Demo is for Oracle EBS. However Self-Heal Solution is available for all EA Platforms like SAP, Salesforce etc.",0
How much time it takes for implementation,"Pls reach out to ""Radheshyam Patil"" for such details / artifacts",0
How much time it takes for implementation,This is a Python based solution and uses relevant Open Source libraries,0
What this demo about?,Yes. Self-Heal is End-to-End Automation Solution. Hence internally it connects with EA platform to perform the task.,0
what all EA platforms this solution supports,Yes. Self-Heal is End-to-End Automation Solution. Hence internally it connects with EA platform to perform the task.,0
how can we configure this for client,"Current Demo is for Oracle EBS. However Self-Heal Solution is available for all EA Platforms like SAP, Salesforce etc.",0
Is this Third party Solution,"Current Demo is for Oracle EBS. However Self-Heal Solution is available for all EA Platforms like SAP, Salesforce etc.",0
Can I get price point for this tool,This is a licensed tool. Price Point depends on parameters like No. of Use Cases etc. Please reach out to Kunal Parikh for further guidance,1
is this communication secured?,Chatbot Conversation is AES-256 encrypted. Feel secured to chat and get your task done,1
is this conversation secured?,Chatbot Conversation is AES-256 encrypted. Feel secured to chat and get your task done,1
How secured is this solution,Chatbot Conversation is AES-256 encrypted. Feel secured to chat and get your task done,1
what all channels apart from messaging is supported,"Chatbot supports both ""Text"" and ""Voice"". Feel free to use the channel as per your convenience",1
only text support?,"Chatbot supports both ""Text"" and ""Voice"". Feel free to use the channel as per your convenience",1
Which all platforms this solution supports,This is a Python based solution and uses relevant Open Source libraries,0
Which all platforms this solution supports,This solution eliminates 100% manual efforts for covered use cases. Hence total benefits = Summation of (Current manual Efforts spent on each use case),0
Does this access backend application,"Pls reach out to ""Radheshyam Patil"" for such details / artifacts",0
Does this access backend application,This is a Python based solution and uses relevant Open Source libraries,0
Does this access backend application,This solution eliminates 100% manual efforts for covered use cases. Hence total benefits = Summation of (Current manual Efforts spent on each use case),0
Which all system this solution connects to,"Pls reach out to ""Radheshyam Patil"" for such details / artifacts",0
Which all system this solution connects to,This is a Python based solution and uses relevant Open Source libraries,0
Which all system this solution connects to,This solution eliminates 100% manual efforts for covered use cases. Hence total benefits = Summation of (Current manual Efforts spent on each use case),0
Does this integrate with JIRA,"Pls reach out to ""Radheshyam Patil"" for such details / artifacts",0
how can we configure this for client,This is a Chatbot based Self-Heal Solution for the Oracle EBS Platform,0
Which all EA platforms this solution supports,"Current Demo is for Oracle EBS. However Self-Heal Solution is available for all EA Platforms like SAP, Salesforce etc.",1
which other Enterprise application this solution supports,"Current Demo is for Oracle EBS. However Self-Heal Solution is available for all EA Platforms like SAP, Salesforce etc.",1
which other Enterprise applications supported,"Current Demo is for Oracle EBS. However Self-Heal Solution is available for all EA Platforms like SAP, Salesforce etc.",1
Is this connected with Oracle Application,Yes. Self-Heal is End-to-End Automation Solution. Hence internally it connects with EA platform to perform the task.,1
Is this connected internally with application,Yes. Self-Heal is End-to-End Automation Solution. Hence internally it connects with EA platform to perform the task.,1
Does this connect to backend application,Yes. Self-Heal is End-to-End Automation Solution. Hence internally it connects with EA platform to perform the task.,1
does this support voice?,"Chatbot supports both ""Text"" and ""Voice"". Feel free to use the channel as per your convenience",1
what if I can not text,"Self-Heal Solution can connect to most of the industry standard ITSM (Ticketing) tools like SNow, Remedy, JIRA, HPSM etc.",0
Which all system this solution connects to,This is a Chatbot based Self-Heal Solution for the Oracle EBS Platform,0
what is this,This is a Chatbot based Self-Heal Solution for the Oracle EBS Platform,1
how this will be deployed,"Solution can be deployed  On-Campus as well as On-Cloud based on clients requirement. For required pre-requisites pls reach out to ""Nitesh Awasthi""",1
how can we configure this for client,"Solution can be deployed  On-Campus as well as On-Cloud based on clients requirement. For required pre-requisites pls reach out to ""Nitesh Awasthi""",1
how can we configure this for client environment,"Solution can be deployed  On-Campus as well as On-Cloud based on clients requirement. For required pre-requisites pls reach out to ""Nitesh Awasthi""",1
how this will be deployed,Yes. Self-Heal is End-to-End Automation Solution. Hence internally it connects with EA platform to perform the task.,0
how this will be deployed,This Solution is mainly connected to Backend EA Platform + ITSM / Ticketing Tool,0
how this will be deployed,"Self-Heal Solution can connect to most of the industry standard ITSM (Ticketing) tools like SNow, Remedy, JIRA, HPSM etc.",0
How much time it takes for implementation,"Self-Heal Solution can connect to most of the industry standard ITSM (Ticketing) tools like SNow, Remedy, JIRA, HPSM etc.",0
What this demo about?,This is a Natural Language Processing (NLP) based solution and hence takes care of various possible utterances from its user,0
What this demo about?,This is Cognizant's in-house Solution developed by EAS IA Team,0
What this demo about?,This is a licensed tool. Price Point depends on parameters like No. of Use Cases etc. Please reach out to Kunal Parikh for further guidance,0
Which all platforms this solution supports,This is Cognizant's in-house Solution developed by EAS IA Team,0
Which all platforms this solution supports,This is a licensed tool. Price Point depends on parameters like No. of Use Cases etc. Please reach out to Kunal Parikh for further guidance,0
Which all platforms this solution supports,Chatbot Conversation is AES-256 encrypted. Feel secured to chat and get your task done,0
Does this access backend application,This is a Natural Language Processing (NLP) based solution and hence takes care of various possible utterances from its user,0
Is voice support there,"Chatbot supports both ""Text"" and ""Voice"". Feel free to use the channel as per your convenience",1
Is voice support provided,"Chatbot supports both ""Text"" and ""Voice"". Feel free to use the channel as per your convenience",1
What all systems it integrates with,This Solution is mainly connected to Backend EA Platform + ITSM / Ticketing Tool,1
What all systems this solution integrates with,This Solution is mainly connected to Backend EA Platform + ITSM / Ticketing Tool,1
What all systems this solution internally connects with,This Solution is mainly connected to Backend EA Platform + ITSM / Ticketing Tool,1
What if customer have other ticketing tool,"Self-Heal Solution can connect to most of the industry standard ITSM (Ticketing) tools like SNow, Remedy, JIRA, HPSM etc.",1
Need more details about this tool,"Pls reach out to ""Radheshyam Patil"" for such details / artifacts",1
Need more details about this solution,"Pls reach out to ""Radheshyam Patil"" for such details / artifacts",1
what if I can not text,"Chatbot supports both ""Text"" and ""Voice"". Feel free to use the channel as per your convenience",1
how this will be deployed,This is a Chatbot based Self-Heal Solution for the Oracle EBS Platform,0
Can I get more info about this tool,This is a Chatbot based Self-Heal Solution for the Oracle EBS Platform,0
Can I get price point for this tool,"Pls reach out to ""Radheshyam Patil"" for such details / artifacts",0
Can I get price point for this tool,This is a Python based solution and uses relevant Open Source libraries,0
Can I get price point for this tool,"Current Demo is for Oracle EBS. However Self-Heal Solution is available for all EA Platforms like SAP, Salesforce etc.",0
what if I can not type,"Chatbot supports both ""Text"" and ""Voice"". Feel free to use the channel as per your convenience",1
How is the deployment model for this solution,"Solution can be deployed  On-Campus as well as On-Cloud based on clients requirement. For required pre-requisites pls reach out to ""Nitesh Awasthi""",1
what about installation,"Solution can be deployed  On-Campus as well as On-Cloud based on clients requirement. For required pre-requisites pls reach out to ""Nitesh Awasthi""",1
Does this integrate with HP Service Manager,"Self-Heal Solution can connect to most of the industry standard ITSM (Ticketing) tools like SNow, Remedy, JIRA, HPSM etc.",1
Does this support HP Service Manager,"Self-Heal Solution can connect to most of the industry standard ITSM (Ticketing) tools like SNow, Remedy, JIRA, HPSM etc.",1
Can I get price point for this tool,Current Video / Demo shows only few use cases as an example. However similar (Repetitive & Mundane) tasks can be automated using this solution,0
Can I get price point for this tool,This is a Natural Language Processing (NLP) based solution and hence takes care of various possible utterances from its user,0
Can I get price point for this tool,This is Cognizant's in-house Solution developed by EAS IA Team,0
Is this conversation secured?,Current Video / Demo shows only few use cases as an example. However similar (Repetitive & Mundane) tasks can be automated using this solution,0
Can I get more info about this tool,This is Cognizant's in-house Solution developed by EAS IA Team,0
which technology being used here,Current Video / Demo shows only few use cases as an example. However similar (Repetitive & Mundane) tasks can be automated using this solution,0
Is HP Service Manager supported,"Self-Heal Solution can connect to most of the industry standard ITSM (Ticketing) tools like SNow, Remedy, JIRA, HPSM etc.",1
How many tasks this solution can perform,Current Video / Demo shows only few use cases as an example. However similar (Repetitive & Mundane) tasks can be automated using this solution,1
How many use cases are covered by this solution,Current Video / Demo shows only few use cases as an example. However similar (Repetitive & Mundane) tasks can be automated using this solution,1
what about implementation,"Solution can be deployed  On-Campus as well as On-Cloud based on clients requirement. For required pre-requisites pls reach out to ""Nitesh Awasthi""",1
Can I talk to bot instead of texting,"Chatbot supports both ""Text"" and ""Voice"". Feel free to use the channel as per your convenience",1
Can I talk to bot ?,"Chatbot supports both ""Text"" and ""Voice"". Feel free to use the channel as per your convenience",1
Does this access backend application,This Solution is mainly connected to Backend EA Platform + ITSM / Ticketing Tool,0
Does this access backend application,"Self-Heal Solution can connect to most of the industry standard ITSM (Ticketing) tools like SNow, Remedy, JIRA, HPSM etc.",0
Can we say same request in other words,This is Cognizant's in-house Solution developed by EAS IA Team,0
Can we say same request in other words,This is a licensed tool. Price Point depends on parameters like No. of Use Cases etc. Please reach out to Kunal Parikh for further guidance,0
Is this Third party Solution,Current Video / Demo shows only few use cases as an example. However similar (Repetitive & Mundane) tasks can be automated using this solution,0
which technology being used here,This is Cognizant's in-house Solution developed by EAS IA Team,0
How much time it takes for implementation,Current Video / Demo shows only few use cases as an example. However similar (Repetitive & Mundane) tasks can be automated using this solution,0
how this will be implemented,"Solution can be deployed  On-Campus as well as On-Cloud based on clients requirement. For required pre-requisites pls reach out to ""Nitesh Awasthi""",1
how this will be implemented in-campus / or on cloud,"Solution can be deployed  On-Campus as well as On-Cloud based on clients requirement. For required pre-requisites pls reach out to ""Nitesh Awasthi""",1
How secured is this conversation,Chatbot Conversation is AES-256 encrypted. Feel secured to chat and get your task done,1
is this messaging secured?,Chatbot Conversation is AES-256 encrypted. Feel secured to chat and get your task done,1
what are the prerequisites,"Solution can be deployed  On-Campus as well as On-Cloud based on clients requirement. For required pre-requisites pls reach out to ""Nitesh Awasthi""",1
Is this solution only applicable to Oracle EBS,"Current Demo is for Oracle EBS. However Self-Heal Solution is available for all EA Platforms like SAP, Salesforce etc.",1
what all platforms this solution supports,"Current Demo is for Oracle EBS. However Self-Heal Solution is available for all EA Platforms like SAP, Salesforce etc.",1
How client experience this ,"Solution can be deployed  On-Campus as well as On-Cloud based on clients requirement. For required pre-requisites pls reach out to ""Nitesh Awasthi""",1
How customer experience this ,"Solution can be deployed  On-Campus as well as On-Cloud based on clients requirement. For required pre-requisites pls reach out to ""Nitesh Awasthi""",1
Can I get more info about this tool,"Pls reach out to ""Radheshyam Patil"" for such details / artifacts",1
what all EA platforms this solution supports,"Self-Heal Solution can connect to most of the industry standard ITSM (Ticketing) tools like SNow, Remedy, JIRA, HPSM etc.",0
what all EA platforms this solution supports,Current Video / Demo shows only few use cases as an example. However similar (Repetitive & Mundane) tasks can be automated using this solution,0
how can we configure this for client,Yes. Self-Heal is End-to-End Automation Solution. Hence internally it connects with EA platform to perform the task.,0
how can we configure this for client,This Solution is mainly connected to Backend EA Platform + ITSM / Ticketing Tool,0
how can we configure this for client,"Self-Heal Solution can connect to most of the industry standard ITSM (Ticketing) tools like SNow, Remedy, JIRA, HPSM etc.",0
Which all platforms this solution supports,This Solution is mainly connected to Backend EA Platform + ITSM / Ticketing Tool,0
Which all platforms this solution supports,"Self-Heal Solution can connect to most of the industry standard ITSM (Ticketing) tools like SNow, Remedy, JIRA, HPSM etc.",0
How much time it takes for implementation,"Implementation effort depends on No. of use cases etc.. For required details pls reach out to ""Leema Jose""",1
Implementation efforts,"Implementation effort depends on No. of use cases etc.. For required details pls reach out to ""Leema Jose""",1
What is the cost of this solution,This is a licensed tool. Price Point depends on parameters like No. of Use Cases etc. Please reach out to Kunal Parikh for further guidance,1
Is this Third party Solution,"Solution can be deployed  On-Campus as well as On-Cloud based on clients requirement. For required pre-requisites pls reach out to ""Nitesh Awasthi""",0
Can I get price point for this tool,Chatbot Conversation is AES-256 encrypted. Feel secured to chat and get your task done,0
Can I get price point for this tool,"Chatbot supports both ""Text"" and ""Voice"". Feel free to use the channel as per your convenience",0
Can I get price point for this tool,"Solution can be deployed  On-Campus as well as On-Cloud based on clients requirement. For required pre-requisites pls reach out to ""Nitesh Awasthi""",0
Is this conversation secured?,This is a licensed tool. Price Point depends on parameters like No. of Use Cases etc. Please reach out to Kunal Parikh for further guidance,0
Is this conversation secured?,"Chatbot supports both ""Text"" and ""Voice"". Feel free to use the channel as per your convenience",0
is this available free of cost ,This is a licensed tool. Price Point depends on parameters like No. of Use Cases etc. Please reach out to Kunal Parikh for further guidance,1
is this the free solution being in-house built,This is a licensed tool. Price Point depends on parameters like No. of Use Cases etc. Please reach out to Kunal Parikh for further guidance,1
Need more details about this,"Pls reach out to ""Radheshyam Patil"" for such details / artifacts",1
Can I get ppt for this,"Pls reach out to ""Radheshyam Patil"" for such details / artifacts",1
Can I get presentation for this,"Pls reach out to ""Radheshyam Patil"" for such details / artifacts",1
What all security measures taken care in this solution,Chatbot Conversation is AES-256 encrypted. Feel secured to chat and get your task done,1
Can we say same request in other words,"Chatbot supports both ""Text"" and ""Voice"". Feel free to use the channel as per your convenience",0
Can we say same request in other words,"Solution can be deployed  On-Campus as well as On-Cloud based on clients requirement. For required pre-requisites pls reach out to ""Nitesh Awasthi""",0
Is this Third party Solution,Chatbot Conversation is AES-256 encrypted. Feel secured to chat and get your task done,0
Is this Third party Solution,"Chatbot supports both ""Text"" and ""Voice"". Feel free to use the channel as per your convenience",0
Is this conversation secured?,"Solution can be deployed  On-Campus as well as On-Cloud based on clients requirement. For required pre-requisites pls reach out to ""Nitesh Awasthi""",0
what if I can not text,This is a licensed tool. Price Point depends on parameters like No. of Use Cases etc. Please reach out to Kunal Parikh for further guidance,0
what are the prerequisites for implementation,"Solution can be deployed  On-Campus as well as On-Cloud based on clients requirement. For required pre-requisites pls reach out to ""Nitesh Awasthi""",1
Can I get price point for this solution,This is a licensed tool. Price Point depends on parameters like No. of Use Cases etc. Please reach out to Kunal Parikh for further guidance,1
Can I get price point,This is a licensed tool. Price Point depends on parameters like No. of Use Cases etc. Please reach out to Kunal Parikh for further guidance,1
May I know the price,This is a licensed tool. Price Point depends on parameters like No. of Use Cases etc. Please reach out to Kunal Parikh for further guidance,1
How much it costs,This is a licensed tool. Price Point depends on parameters like No. of Use Cases etc. Please reach out to Kunal Parikh for further guidance,1
How secured this communication,Chatbot Conversation is AES-256 encrypted. Feel secured to chat and get your task done,1
How secured is this communication,Chatbot Conversation is AES-256 encrypted. Feel secured to chat and get your task done,1
Does this integrate with HPSM,"Self-Heal Solution can connect to most of the industry standard ITSM (Ticketing) tools like SNow, Remedy, JIRA, HPSM etc.",1
Does this support HPSM,"Self-Heal Solution can connect to most of the industry standard ITSM (Ticketing) tools like SNow, Remedy, JIRA, HPSM etc.",1
Is HPSM supported,"Self-Heal Solution can connect to most of the industry standard ITSM (Ticketing) tools like SNow, Remedy, JIRA, HPSM etc.",1
How secured this conversation,Chatbot Conversation is AES-256 encrypted. Feel secured to chat and get your task done,1
what if I can not text,Chatbot Conversation is AES-256 encrypted. Feel secured to chat and get your task done,0
what if I can not text,"Solution can be deployed  On-Campus as well as On-Cloud based on clients requirement. For required pre-requisites pls reach out to ""Nitesh Awasthi""",0
how this will be deployed,This is a licensed tool. Price Point depends on parameters like No. of Use Cases etc. Please reach out to Kunal Parikh for further guidance,0
how this will be deployed,Chatbot Conversation is AES-256 encrypted. Feel secured to chat and get your task done,0
how this will be deployed,"Chatbot supports both ""Text"" and ""Voice"". Feel free to use the channel as per your convenience",0
Can I get more info about this tool,This is a licensed tool. Price Point depends on parameters like No. of Use Cases etc. Please reach out to Kunal Parikh for further guidance,0
Can I get more info about this tool,Chatbot Conversation is AES-256 encrypted. Feel secured to chat and get your task done,0
Can I get more info about this tool,"Chatbot supports both ""Text"" and ""Voice"". Feel free to use the channel as per your convenience",0
how can we configure this for customer,"Solution can be deployed  On-Campus as well as On-Cloud based on clients requirement. For required pre-requisites pls reach out to ""Nitesh Awasthi""",1
how can we configure this for customer environment,"Solution can be deployed  On-Campus as well as On-Cloud based on clients requirement. For required pre-requisites pls reach out to ""Nitesh Awasthi""",1
Are the commands hard coded,This is a Natural Language Processing (NLP) based solution and hence takes care of various possible utterances from its user,1
Can we say same request in other words,This is a Natural Language Processing (NLP) based solution and hence takes care of various possible utterances from its user,1
Is this any Third party tool or in-House Cognizant tool,This is Cognizant's in-house Solution developed by EAS IA Team,1
Is this any Third party Solution or in-House Cognizant Solution,This is Cognizant's in-house Solution developed by EAS IA Team,1
What all other ITSM tools this solution can connect to,"Self-Heal Solution can connect to most of the industry standard ITSM (Ticketing) tools like SNow, Remedy, JIRA, HPSM etc.",1
Does this integrate with Remedy,"Self-Heal Solution can connect to most of the industry standard ITSM (Ticketing) tools like SNow, Remedy, JIRA, HPSM etc.",1
How much time it takes for implementation,"Implementation effort depends on No. of use cases etc.. For required details pls reach out to ""Leema Jose""",1
Implementation efforts,"Implementation effort depends on No. of use cases etc.. For required details pls reach out to ""Leema Jose""",1
Does this integrate with JIRA,This Solution is mainly connected to Backend EA Platform + ITSM / Ticketing Tool,0
Does this integrate with JIRA,Current Video / Demo shows only few use cases as an example. However similar (Repetitive & Mundane) tasks can be automated using this solution,0
Can we say same request in other words,Yes. Self-Heal is End-to-End Automation Solution. Hence internally it connects with EA platform to perform the task.,0
Can we say same request in other words,This Solution is mainly connected to Backend EA Platform + ITSM / Ticketing Tool,0
Can we say same request in other words,"Self-Heal Solution can connect to most of the industry standard ITSM (Ticketing) tools like SNow, Remedy, JIRA, HPSM etc.",0
Is this Third party Solution,Yes. Self-Heal is End-to-End Automation Solution. Hence internally it connects with EA platform to perform the task.,0
Is this Third party Solution,This Solution is mainly connected to Backend EA Platform + ITSM / Ticketing Tool,0
Does this integrate with JIRA,This is a Chatbot based Self-Heal Solution for the Oracle EBS Platform,0
How much time it takes for implementation,"Current Demo is for Oracle EBS. However Self-Heal Solution is available for all EA Platforms like SAP, Salesforce etc.",0
What other ticketing tools being supported,"Self-Heal Solution can connect to most of the industry standard ITSM (Ticketing) tools like SNow, Remedy, JIRA, HPSM etc.",1
Does this support Remedy,"Self-Heal Solution can connect to most of the industry standard ITSM (Ticketing) tools like SNow, Remedy, JIRA, HPSM etc.",1
what if I cant type,"Chatbot supports both ""Text"" and ""Voice"". Feel free to use the channel as per your convenience",1
what if I cant text,"Chatbot supports both ""Text"" and ""Voice"". Feel free to use the channel as per your convenience",1
What this demo about?,This Solution is mainly connected to Backend EA Platform + ITSM / Ticketing Tool,0
Can I get more info about this tool,"Current Demo is for Oracle EBS. However Self-Heal Solution is available for all EA Platforms like SAP, Salesforce etc.",0
which technology being used here,"Current Demo is for Oracle EBS. However Self-Heal Solution is available for all EA Platforms like SAP, Salesforce etc.",0
what all EA platforms this solution supports,This Solution is mainly connected to Backend EA Platform + ITSM / Ticketing Tool,0
Which all platforms this solution supports,This is a Natural Language Processing (NLP) based solution and hence takes care of various possible utterances from its user,0
