Utterance,Intent,labels
I want to update my table,update_table,0
table update,update_table,0
update table,update_table,0
update the table,update_table,0
do the idoc status change for me,update_idoc,1
idoc status need to br upated,update_idoc,1
perform idoc status change,update_idoc,1
table needs to be updated,update_table,0
how can I update a table,update_table,0
where can I update the table,update_table,0
Can I change my IDOC status?,update_idoc,1
idoc status update,update_idoc,1
update idoc status,update_idoc,1
update idoc ,update_idoc,1
I want to change my password,password_reset,2
update password,password_reset,2
Need to reset the password,password_reset,2
password reset,password_reset,2
reset password,password_reset,2
Shall I reset my password,password_reset,2
table updation,update_table,0
Can I update a table?,update_table,0
change IDOC,update_idoc,1
IDOC status has to be changed,update_idoc,1
I want to reset my password,password_reset,2
Can I reset my password,password_reset,2
change my password,password_reset,2
reset my password,password_reset,2
"I forgot my password, I want to reset it",password_reset,2
Need to upate a table,update_table,0
perform table updation for me,update_table,0
idoc update,update_idoc,1
I want to change the status of my IDOC,update_idoc,1
What should I do to reset my password in SAP ,password_reset,2
"My password is not working, can you reset it",password_reset,2
"Hi, can you help me in changing my password",password_reset,2
I want to update my password,password_reset,2
change table,update_table,0
I want to update a table,update_table,0
idoc status change,update_idoc,1
change the status of my idoc,update_idoc,1
